<?xml version="1.0" encoding="UTF-8"?>
<project-private xmlns="http://www.netbeans.org/ns/project-private/1">
    <editor-bookmarks xmlns="http://www.netbeans.org/ns/editor-bookmarks/2" lastBookmarkId="0"/>
    <open-files xmlns="http://www.netbeans.org/ns/projectui-open-files/2">
        <group name="Ficha 2">
            <file>file:/Users/JorgeRodrigues/Desktop/Trabalho%20de%20POO/LojadeBicicletas/src/produtosalimentares/ListadeProdutos.java</file>
            <file>file:/Users/JorgeRodrigues/Desktop/Trabalho%20de%20POO/LojadeBicicletas/src/produtosalimentares/Fatura.java</file>
            <file>file:/Users/JorgeRodrigues/Desktop/Trabalho%20de%20POO/LojadeBicicletas/src/produtosalimentares/Faturacao.java</file>
            <file>file:/Users/JorgeRodrigues/Desktop/Trabalho%20de%20POO/LojadeBicicletas/src/produtosalimentares/Produto.java</file>
            <file>file:/Users/JorgeRodrigues/Desktop/Trabalho%20de%20POO/LojadeBicicletas/src/produtosalimentares/ProdutosAlimentares.java</file>
        </group>
    </open-files>
</project-private>
